component,source_file,exists,row_count,parse_status,status_value,note
official_current_read_first,D:\us-tech-quant\outputs\v18\read_center\V18_CURRENT_READ_FIRST.md,YES,0,OK_TEXT,,IMPORTANT_INPUT
official_9c_read_first,D:\us-tech-quant\outputs\v18\read_center\V18_9C_READ_FIRST.txt,YES,0,OK_TEXT,OK_OFFICIAL_DAILY_WITH_SIM_VALIDATION_READY,IMPORTANT_INPUT
shadow_research_read_first,D:\us-tech-quant\outputs\v18\read_center\V18_CURRENT_SHADOW_RESEARCH_DAILY_READ_FIRST.txt,YES,0,OK_TEXT,OK_OFFICIAL_DAILY_WITH_FACTOR_WEIGHT_RESEARCH_READY,IMPORTANT_INPUT
v18_12h_read_first,D:\us-tech-quant\outputs\v18\read_center\V18_12H_READ_FIRST.txt,YES,0,OK_TEXT,OK_V18_12H_SELL_TIMING_READ_CENTER_LINK_READY,IMPORTANT_INPUT
v18_12h_read_link,D:\us-tech-quant\outputs\v18\read_center\V18_12H_CURRENT_SELL_TIMING_READ_LINK.md,YES,0,OK_TEXT,OK_V18_12H_SELL_TIMING_READ_CENTER_LINK_READY,IMPORTANT_INPUT
v18_12f_read_first,D:\us-tech-quant\outputs\v18\ops\V18_12F_R2_READ_FIRST.txt,YES,0,OK_TEXT,OK_V18_12F_R2_STABLE_SNAPSHOT_READY,IMPORTANT_INPUT
v18_12e_read_first,D:\us-tech-quant\outputs\v18\ops\V18_12E_R1_READ_FIRST.txt,YES,0,OK_TEXT,OK_V18_12E_R1_STABLE_SNAPSHOT_READY,IMPORTANT_INPUT
v18_12g_read_first,D:\us-tech-quant\outputs\v18\ops\V18_12G_READ_FIRST.txt,YES,0,OK_TEXT,OK_V18_12G_SELL_TIMING_CLEANUP_AUDIT_READY,IMPORTANT_INPUT
v18_12h_r1_read_first,D:\us-tech-quant\outputs\v18\ops\V18_12H_R1_READ_FIRST.txt,YES,0,OK_TEXT,OK_V18_12H_R1_STABLE_SNAPSHOT_READY,IMPORTANT_INPUT
v18_12f_r2_read_first,D:\us-tech-quant\outputs\v18\ops\V18_12F_R2_READ_FIRST.txt,YES,0,OK_TEXT,OK_V18_12F_R2_STABLE_SNAPSHOT_READY,IMPORTANT_INPUT
discovered_read_first,D:\us-tech-quant\outputs\v18\daily_integrated\V18_4A_R1_READ_FIRST.txt,YES,0,OK_TEXT,,DISCOVERED_READ_FIRST
discovered_read_first,D:\us-tech-quant\outputs\v18\daily_integrated\V18_4B_R1_READ_FIRST.txt,YES,0,OK_TEXT,,DISCOVERED_READ_FIRST
discovered_read_first,D:\us-tech-quant\outputs\v18\daily_integrated\V18_4G_R1_READ_FIRST.txt,YES,0,OK_TEXT,OK_FINAL_DAILY_FACTOR_AUDIT_READY,DISCOVERED_READ_FIRST
discovered_read_first,D:\us-tech-quant\outputs\v18\daily_integrated\V18_4I_R1_READ_FIRST.txt,YES,0,OK_TEXT,,DISCOVERED_READ_FIRST
discovered_read_first,D:\us-tech-quant\outputs\v18\ops\V18_10B_R3_READ_FIRST.txt,YES,0,OK_TEXT,OK_STABLE_SNAPSHOT_READY,DISCOVERED_READ_FIRST
discovered_read_first,D:\us-tech-quant\outputs\v18\ops\V18_10C_R2_READ_FIRST.txt,YES,0,OK_TEXT,OK_STABLE_SNAPSHOT_READY,DISCOVERED_READ_FIRST
discovered_read_first,D:\us-tech-quant\outputs\v18\ops\V18_10D_R1_READ_FIRST.txt,YES,0,OK_TEXT,OK_STABLE_SNAPSHOT_READY,DISCOVERED_READ_FIRST
discovered_read_first,D:\us-tech-quant\outputs\v18\ops\V18_10D_R2_READ_FIRST.txt,YES,0,OK_TEXT,OK_STABLE_SNAPSHOT_READY,DISCOVERED_READ_FIRST
discovered_read_first,D:\us-tech-quant\outputs\v18\ops\V18_11F_R1_READ_FIRST.txt,YES,0,OK_TEXT,OK_V18_11F_R1_STABLE_SNAPSHOT_READY,DISCOVERED_READ_FIRST
discovered_read_first,D:\us-tech-quant\outputs\v18\ops\V18_12A_R1_READ_FIRST.txt,YES,0,OK_TEXT,OK_V18_12A_R1_STABLE_SNAPSHOT_READY,DISCOVERED_READ_FIRST
discovered_read_first,D:\us-tech-quant\outputs\v18\ops\V18_12B_R1_READ_FIRST.txt,YES,0,OK_TEXT,OK_V18_12B_R1_STABLE_SNAPSHOT_READY,DISCOVERED_READ_FIRST
discovered_read_first,D:\us-tech-quant\outputs\v18\ops\V18_12C_R1_READ_FIRST.txt,YES,0,OK_TEXT,OK_V18_12C_R1_STABLE_SNAPSHOT_READY,DISCOVERED_READ_FIRST
discovered_read_first,D:\us-tech-quant\outputs\v18\ops\V18_12D_R1_READ_FIRST.txt,YES,0,OK_TEXT,OK_V18_12D_R1_STABLE_SNAPSHOT_READY,DISCOVERED_READ_FIRST
discovered_read_first,D:\us-tech-quant\outputs\v18\ops\V18_12E_R1_READ_FIRST.txt,YES,0,OK_TEXT,OK_V18_12E_R1_STABLE_SNAPSHOT_READY,DISCOVERED_READ_FIRST
discovered_read_first,D:\us-tech-quant\outputs\v18\ops\V18_12F_R1_READ_FIRST.txt,YES,0,OK_TEXT,OK_V18_12F_R1_STABLE_SNAPSHOT_READY,DISCOVERED_READ_FIRST
discovered_read_first,D:\us-tech-quant\outputs\v18\ops\V18_12F_R2_READ_FIRST.txt,YES,0,OK_TEXT,OK_V18_12F_R2_STABLE_SNAPSHOT_READY,DISCOVERED_READ_FIRST
discovered_read_first,D:\us-tech-quant\outputs\v18\ops\V18_12G_READ_FIRST.txt,YES,0,OK_TEXT,OK_V18_12G_SELL_TIMING_CLEANUP_AUDIT_READY,DISCOVERED_READ_FIRST
discovered_read_first,D:\us-tech-quant\outputs\v18\ops\V18_12H_R1_READ_FIRST.txt,YES,0,OK_TEXT,OK_V18_12H_R1_STABLE_SNAPSHOT_READY,DISCOVERED_READ_FIRST
discovered_read_first,D:\us-tech-quant\outputs\v18\ops\V18_13A_R1_READ_FIRST.txt,YES,0,OK_TEXT,OK_V18_13A_R1_STABLE_SNAPSHOT_READY,DISCOVERED_READ_FIRST
discovered_read_first,D:\us-tech-quant\outputs\v18\ops\V18_13B_R1_READ_FIRST.txt,YES,0,OK_TEXT,OK_V18_13B_R1_STABLE_SNAPSHOT_READY,DISCOVERED_READ_FIRST
discovered_read_first,D:\us-tech-quant\outputs\v18\ops\V18_13C_R1_READ_FIRST.txt,YES,0,OK_TEXT,OK_V18_13C_R1_STABLE_SNAPSHOT_READY,DISCOVERED_READ_FIRST
discovered_read_first,D:\us-tech-quant\outputs\v18\ops\V18_13D_R1_READ_FIRST.txt,YES,0,OK_TEXT,OK_V18_13D_R1_STABLE_SNAPSHOT_READY,DISCOVERED_READ_FIRST
discovered_read_first,D:\us-tech-quant\outputs\v18\ops\V18_14A_R1_READ_FIRST.txt,YES,0,OK_TEXT,OK_V18_14A_R1_STABLE_SNAPSHOT_READY,DISCOVERED_READ_FIRST
discovered_read_first,D:\us-tech-quant\outputs\v18\ops\V18_14A_READ_FIRST.txt,YES,0,OK_TEXT,FAIL_V18_14A_FULL_DAILY_MODE_VALIDATION,DISCOVERED_READ_FIRST
discovered_read_first,D:\us-tech-quant\outputs\v18\ops\V18_14B_R1_READ_FIRST.txt,YES,0,OK_TEXT,OK_V18_14B_R1_STABLE_SNAPSHOT_READY,DISCOVERED_READ_FIRST
discovered_read_first,D:\us-tech-quant\outputs\v18\ops\V18_14B_READ_FIRST.txt,YES,0,OK_TEXT,OK_V18_14B_CURRENT_DAILY_COMMAND_CENTER_REFRESH_READY,DISCOVERED_READ_FIRST
discovered_read_first,D:\us-tech-quant\outputs\v18\ops\V18_14C_R1_READ_FIRST.txt,YES,0,OK_TEXT,OK_V18_14C_R1_STABLE_SNAPSHOT_READY,DISCOVERED_READ_FIRST
discovered_read_first,D:\us-tech-quant\outputs\v18\ops\V18_14C_READ_FIRST.txt,YES,0,OK_TEXT,OK_V18_14C_RANKED_CANDIDATE_FORWARD_TRACKER_READY,DISCOVERED_READ_FIRST
discovered_read_first,D:\us-tech-quant\outputs\v18\ops\V18_14D_R1_READ_FIRST.txt,YES,0,OK_TEXT,OK_V18_14D_R1_STABLE_SNAPSHOT_READY,DISCOVERED_READ_FIRST
discovered_read_first,D:\us-tech-quant\outputs\v18\ops\V18_14D_READ_FIRST.txt,YES,0,OK_TEXT,OK_V18_14D_RANKED_CANDIDATE_FORWARD_PRICE_FILLER_READY,DISCOVERED_READ_FIRST
discovered_read_first,D:\us-tech-quant\outputs\v18\ops\V18_14E_R1_READ_FIRST.txt,YES,0,OK_TEXT,OK_V18_14E_R1_STABLE_SNAPSHOT_READY,DISCOVERED_READ_FIRST
discovered_read_first,D:\us-tech-quant\outputs\v18\ops\V18_14E_READ_FIRST.txt,YES,0,OK_TEXT,OK_V18_14E_CURRENT_DAILY_WITH_FORWARD_TRACKER_READY,DISCOVERED_READ_FIRST
discovered_read_first,D:\us-tech-quant\outputs\v18\ops\V18_15A_R1_READ_FIRST.txt,YES,0,OK_TEXT,OK_V18_15A_R1_STABLE_SNAPSHOT_READY,DISCOVERED_READ_FIRST
discovered_read_first,D:\us-tech-quant\outputs\v18\ops\V18_15A_READ_FIRST.txt,YES,0,OK_TEXT,OK_V18_15A_MANUAL_POSITION_TRADE_FEEDBACK_READY,DISCOVERED_READ_FIRST
discovered_read_first,D:\us-tech-quant\outputs\v18\ops\V18_15B_R1_READ_FIRST.txt,YES,0,OK_TEXT,OK_V18_15B_R1_STABLE_SNAPSHOT_READY,DISCOVERED_READ_FIRST
discovered_read_first,D:\us-tech-quant\outputs\v18\ops\V18_15B_READ_FIRST.txt,YES,0,OK_TEXT,OK_V18_15B_CURRENT_DAILY_WITH_MANUAL_FEEDBACK_READY,DISCOVERED_READ_FIRST
discovered_read_first,D:\us-tech-quant\outputs\v18\ops\V18_15C_READ_FIRST.txt,YES,0,OK_TEXT,OK_V18_15C_PREDEVELOPMENT_PROGRAM_AUDIT_READY,DISCOVERED_READ_FIRST
discovered_read_first,D:\us-tech-quant\outputs\v18\ops\V18_16A_P1_READ_FIRST.txt,YES,0,OK_TEXT,OK_V18_16A_P1_MANUAL_UNIVERSE_ADDITIONS_READY,DISCOVERED_READ_FIRST
discovered_read_first,D:\us-tech-quant\outputs\v18\ops\V18_16A_READ_FIRST.txt,YES,0,OK_TEXT,OK_V18_16A_UNIVERSE_ROLLING_STATE_BUILDER_READY,DISCOVERED_READ_FIRST
discovered_read_first,D:\us-tech-quant\outputs\v18\ops\V18_16B_READ_FIRST.txt,YES,0,OK_TEXT,OK_V18_16B_ROLLING_SCAN_SCHEDULER_READY,DISCOVERED_READ_FIRST
discovered_read_first,D:\us-tech-quant\outputs\v18\ops\V18_16C_P1_READ_FIRST.txt,YES,0,OK_TEXT,OK_V18_16C_P1_SCOPED_YFINANCE_SMOKE_READY,DISCOVERED_READ_FIRST
discovered_read_first,D:\us-tech-quant\outputs\v18\ops\V18_16C_P2_READ_FIRST.txt,YES,0,OK_TEXT,OK_V18_16C_P2_YFINANCE_CACHE_REPAIR_READY,DISCOVERED_READ_FIRST
discovered_read_first,D:\us-tech-quant\outputs\v18\ops\V18_16C_P3_READ_FIRST.txt,YES,0,OK_TEXT,OK_V18_16C_P3_LOCAL_CACHE_BOOTSTRAP_READY,DISCOVERED_READ_FIRST
discovered_read_first,D:\us-tech-quant\outputs\v18\ops\V18_16C_READ_FIRST.txt,YES,0,OK_TEXT,OK_V18_16C_SCAN_SCOPED_DATA_UPDATE_READY,DISCOVERED_READ_FIRST
discovered_read_first,D:\us-tech-quant\outputs\v18\ops\V18_16D_READ_FIRST.txt,YES,0,OK_TEXT,OK_V18_16D_PRIORITY_BASED_LIGHT_SCANNER_READY,DISCOVERED_READ_FIRST
discovered_read_first,D:\us-tech-quant\outputs\v18\ops\V18_16E_READ_FIRST.txt,YES,0,OK_TEXT,WARN_V18_16E_PROMOTION_DEMOTION_ENGINE_VALIDATION_FAILED,DISCOVERED_READ_FIRST
discovered_read_first,D:\us-tech-quant\outputs\v18\ops\V18_16F_READ_FIRST.txt,YES,0,OK_TEXT,WARN_V18_16F_CURRENT_DAILY_WITH_ROLLING_UNIVERSE_SCAN_VALIDATION_FAILED,DISCOVERED_READ_FIRST
discovered_read_first,D:\us-tech-quant\outputs\v18\ops\V18_16G_R1_READ_FIRST.txt,YES,0,OK_TEXT,OK_V18_16G_R1_STABLE_SNAPSHOT_READY,DISCOVERED_READ_FIRST
discovered_read_first,D:\us-tech-quant\outputs\v18\ops\V18_16H_READ_FIRST.txt,YES,0,OK_TEXT,OK_V18_16H_SAME_DAY_PROMOTION_GUARD_COVERAGE_AUDIT_READY,DISCOVERED_READ_FIRST
discovered_read_first,D:\us-tech-quant\outputs\v18\ops\V18_16I_READ_FIRST.txt,YES,0,OK_TEXT,OK_V18_16I_ROLLING_SCAN_COVERAGE_POLICY_OPTIMIZER_READY,DISCOVERED_READ_FIRST
discovered_read_first,D:\us-tech-quant\outputs\v18\ops\V18_16J_R1_READ_FIRST.txt,YES,0,OK_TEXT,OK_V18_16J_R1_COMMAND_CENTER_COVERAGE_SOURCE_PATCH_READY,DISCOVERED_READ_FIRST
discovered_read_first,D:\us-tech-quant\outputs\v18\ops\V18_16J_R2_READ_FIRST.txt,YES,0,OK_TEXT,OK_V18_16J_R2_COVERAGE_SOURCE_FRESHNESS_PATCH_READY,DISCOVERED_READ_FIRST
discovered_read_first,D:\us-tech-quant\outputs\v18\ops\V18_16J_R2A_READ_FIRST.txt,YES,0,OK_TEXT,OK_V18_16J_R2A_STABLE_SNAPSHOT_READY,DISCOVERED_READ_FIRST
discovered_read_first,D:\us-tech-quant\outputs\v18\ops\V18_16J_READ_FIRST.txt,YES,0,OK_TEXT,OK_V18_16J_CONSERVATIVE_DAILY_THRESHOLD_PATCH_READY,DISCOVERED_READ_FIRST
discovered_read_first,D:\us-tech-quant\outputs\v18\ops\V18_16K_R1_READ_FIRST.txt,YES,0,OK_TEXT,WARN_V18_16K_R1_COVERAGE_EVIDENCE_QUALITY_PATCH_DEGRADED,DISCOVERED_READ_FIRST
discovered_read_first,D:\us-tech-quant\outputs\v18\ops\V18_16K_R2_STABLE_READ_FIRST.txt,YES,0,OK_TEXT,OK_V18_16K_R2_STABLE_SNAPSHOT_READY,DISCOVERED_READ_FIRST
discovered_read_first,D:\us-tech-quant\outputs\v18\ops\V18_16K_READ_FIRST.txt,YES,0,OK_TEXT,WARN_V18_16K_TRUE_5DAY_UNIQUE_COVERAGE_AUDIT_DEGRADED,DISCOVERED_READ_FIRST
discovered_read_first,D:\us-tech-quant\outputs\v18\ops\V18_17A_READ_FIRST.txt,YES,0,OK_TEXT,OK_V18_17A_RANKING_FACTOR_PROVENANCE_AUDIT_READY,DISCOVERED_READ_FIRST
discovered_read_first,D:\us-tech-quant\outputs\v18\ops\V18_18A_READ_FIRST.txt,YES,0,OK_TEXT,OK_V18_18A_STORAGE_SLIMMING_AUDIT_READY,DISCOVERED_READ_FIRST
discovered_read_first,D:\us-tech-quant\outputs\v18\ops\V18_18B_READ_FIRST.txt,YES,0,OK_TEXT,OK_V18_18B_COMPRESSION_APPLIED,DISCOVERED_READ_FIRST
discovered_read_first,D:\us-tech-quant\outputs\v18\ops\V18_18C_READ_FIRST.txt,YES,0,OK_TEXT,OK_V18_18C_DELETE_VERIFIED_STABLE_ORIGINALS_APPLIED,DISCOVERED_READ_FIRST
discovered_read_first,D:\us-tech-quant\outputs\v18\ops\V18_18D_READ_FIRST.txt,YES,0,OK_TEXT,OK_V18_18D_LARGE_OUTPUT_ARCHIVE_AUDIT_READY,DISCOVERED_READ_FIRST
discovered_read_first,D:\us-tech-quant\outputs\v18\ops\V18_18E_READ_FIRST.txt,YES,0,OK_TEXT,OK_V18_18E_TECHNICAL_TIMING_ALIAS_EXTERNALIZATION_AUDIT_READY,DISCOVERED_READ_FIRST
discovered_read_first,D:\us-tech-quant\outputs\v18\ops\V18_18F_READ_FIRST.txt,YES,0,OK_TEXT,OK_V18_18F_TECHNICAL_TIMING_CURRENT_DETAIL_VERIFIED_ORIGINALS_DELETED,DISCOVERED_READ_FIRST
discovered_read_first,D:\us-tech-quant\outputs\v18\ops\V18_19A_R1_READ_FIRST.txt,YES,0,OK_TEXT,OK_V18_19A_R1_STABLE_SNAPSHOT_READY,DISCOVERED_READ_FIRST
discovered_read_first,D:\us-tech-quant\outputs\v18\ops\V18_19A_READ_FIRST.txt,YES,0,OK_TEXT,WARN_V18_19A_DAILY_READABILITY_READY,DISCOVERED_READ_FIRST
discovered_read_first,D:\us-tech-quant\outputs\v18\ops\V18_20F_READ_FIRST.txt,YES,0,OK_TEXT,OK_V18_20F_LEGACY_ARCHIVE_PLAN_READY,DISCOVERED_READ_FIRST
discovered_read_first,D:\us-tech-quant\outputs\v18\ops\V18_20G_READ_FIRST.txt,YES,0,OK_TEXT,OK_V18_20G_VERIFIED_LEGACY_ARCHIVE_READY,DISCOVERED_READ_FIRST
discovered_read_first,D:\us-tech-quant\outputs\v18\ops\V18_20I_READ_FIRST.txt,YES,0,OK_TEXT,OK_V18_20I_EMPTY_DIRECTORY_CLEANUP_READY,DISCOVERED_READ_FIRST
discovered_read_first,D:\us-tech-quant\outputs\v18\ops\V18_20K_R1_READ_FIRST.txt,YES,0,OK_TEXT,OK_V18_20K_R1_STABLE_SNAPSHOT_READY,DISCOVERED_READ_FIRST
discovered_read_first,D:\us-tech-quant\outputs\v18\ops\V18_20K_READ_FIRST.txt,YES,0,OK_TEXT,OK_V18_20K_POST_CLEANUP_VERIFICATION_READY,DISCOVERED_READ_FIRST
discovered_read_first,D:\us-tech-quant\outputs\v18\ops\V18_21A_R1_READ_FIRST.txt,YES,0,OK_TEXT,WARN_V18_21A_R1_DATA_COVERAGE_SCORING_PATCH_DEGRADED,DISCOVERED_READ_FIRST
discovered_read_first,D:\us-tech-quant\outputs\v18\ops\V18_21A_R2_READ_FIRST.txt,YES,0,OK_TEXT,WARN_V18_21A_R2_PRICE_HISTORY_SOURCE_COVERAGE_PATCH_DEGRADED,DISCOVERED_READ_FIRST
discovered_read_first,D:\us-tech-quant\outputs\v18\ops\V18_21A_R3_READ_FIRST.txt,YES,0,OK_TEXT,WARN_V18_21A_R3_TICKER_PRICE_SOURCE_MAPPING_RECONCILIATION_DEGRADED,DISCOVERED_READ_FIRST
discovered_read_first,D:\us-tech-quant\outputs\v18\ops\V18_21A_R4_STABLE_READ_FIRST.txt,YES,0,OK_TEXT,OK_V18_21A_R4_STABLE_SNAPSHOT_READY,DISCOVERED_READ_FIRST
discovered_read_first,D:\us-tech-quant\outputs\v18\ops\V18_21A_READ_FIRST.txt,YES,0,OK_TEXT,WARN_V18_21A_PRICE_DERIVED_FACTOR_PACK_DEGRADED,DISCOVERED_READ_FIRST
discovered_read_first,D:\us-tech-quant\outputs\v18\ops\V18_21B_R1_STABLE_READ_FIRST.txt,YES,0,OK_TEXT,OK_V18_21B_R1_STABLE_SNAPSHOT_READY,DISCOVERED_READ_FIRST
discovered_read_first,D:\us-tech-quant\outputs\v18\ops\V18_21B_READ_FIRST.txt,YES,0,OK_TEXT,WARN_V18_21B_SIGNAL_SNAPSHOT_RESEARCH_LINKER_DEGRADED,DISCOVERED_READ_FIRST
discovered_read_first,D:\us-tech-quant\outputs\v18\ops\V18_21C_R1_READ_FIRST.txt,YES,0,OK_TEXT,WARN_V18_21C_R1_SAMPLE_MATURITY_PRELIMINARY_ONLY,DISCOVERED_READ_FIRST
discovered_read_first,D:\us-tech-quant\outputs\v18\ops\V18_21C_R2_STABLE_READ_FIRST.txt,YES,0,OK_TEXT,OK_V18_21C_R2_STABLE_SNAPSHOT_READY,DISCOVERED_READ_FIRST
discovered_read_first,D:\us-tech-quant\outputs\v18\ops\V18_21C_READ_FIRST.txt,YES,0,OK_TEXT,WARN_V18_21C_FACTOR_EFFECTIVENESS_RESEARCH_INSUFFICIENT_EVIDENCE,DISCOVERED_READ_FIRST
discovered_read_first,D:\us-tech-quant\outputs\v18\ops\V18_21D_R1_STABLE_READ_FIRST.txt,YES,0,OK_TEXT,OK_V18_21D_R1_STABLE_SNAPSHOT_READY,DISCOVERED_READ_FIRST
discovered_read_first,D:\us-tech-quant\outputs\v18\ops\V18_21D_STABLE_READ_FIRST.txt,YES,0,OK_TEXT,OK_V18_21D_STABLE_SNAPSHOT_READY,DISCOVERED_READ_FIRST
discovered_read_first,D:\us-tech-quant\outputs\v18\ops\V18_21E_R1_STABLE_READ_FIRST.txt,YES,0,OK_TEXT,OK_V18_21E_R1_STABLE_SNAPSHOT_READY,DISCOVERED_READ_FIRST
discovered_read_first,D:\us-tech-quant\outputs\v18\ops\V18_21E_READ_FIRST.txt,YES,0,OK_TEXT,WARN_V18_21E_EVENT_RISK_COEFFICIENT_ADVISORY_READY,DISCOVERED_READ_FIRST
discovered_read_first,D:\us-tech-quant\outputs\v18\ops\V18_21F_STABLE_READ_FIRST.txt,YES,0,OK_TEXT,OK_V18_21F_STABLE_SNAPSHOT_READY,DISCOVERED_READ_FIRST
discovered_read_first,D:\us-tech-quant\outputs\v18\ops\V18_21G_STABLE_READ_FIRST.txt,YES,0,OK_TEXT,OK_V18_21G_STABLE_SNAPSHOT_READY,DISCOVERED_READ_FIRST
discovered_read_first,D:\us-tech-quant\outputs\v18\ops\V18_21H_R1_STABLE_READ_FIRST.txt,YES,0,OK_TEXT,OK_V18_21H_R1_STABLE_SNAPSHOT_READY,DISCOVERED_READ_FIRST
discovered_read_first,D:\us-tech-quant\outputs\v18\ops\V18_21H_STABLE_READ_FIRST.txt,YES,0,OK_TEXT,OK_V18_21H_STABLE_SNAPSHOT_READY,DISCOVERED_READ_FIRST
discovered_read_first,D:\us-tech-quant\outputs\v18\ops\V18_21I_STABLE_READ_FIRST.txt,YES,0,OK_TEXT,OK_V18_21I_STABLE_SNAPSHOT_READY,DISCOVERED_READ_FIRST
discovered_read_first,D:\us-tech-quant\outputs\v18\ops\V18_22A_READ_FIRST.txt,YES,0,OK_TEXT,WARN_V18_22A_RESEARCH_COMMAND_CENTER_READY,DISCOVERED_READ_FIRST
discovered_read_first,D:\us-tech-quant\outputs\v18\ops\V18_22B_READ_FIRST.txt,YES,0,OK_TEXT,WARN_V18_22B_DAILY_RESEARCH_COMMAND_CENTER_WRAPPER_READY,DISCOVERED_READ_FIRST
discovered_read_first,D:\us-tech-quant\outputs\v18\ops\V18_22C_READ_FIRST.txt,YES,0,OK_TEXT,WARN_V18_22C_RESEARCH_PACKET_WRITER_READY,DISCOVERED_READ_FIRST
discovered_read_first,D:\us-tech-quant\outputs\v18\ops\V18_22D_STABLE_READ_FIRST.txt,YES,0,OK_TEXT,OK_V18_22D_STABLE_SNAPSHOT_READY,DISCOVERED_READ_FIRST
discovered_read_first,D:\us-tech-quant\outputs\v18\ops\V18_23A_R1_READ_FIRST.txt,YES,0,OK_TEXT,OK_V18_23A_R1_UNIVERSE_COUNT_DRIFT_RECONCILED,DISCOVERED_READ_FIRST
discovered_read_first,D:\us-tech-quant\outputs\v18\ops\V18_23A_READ_FIRST.txt,YES,0,OK_TEXT,WARN_V18_23A_ROLLING_COVERAGE_CONTROLLER_READY,DISCOVERED_READ_FIRST
discovered_read_first,D:\us-tech-quant\outputs\v18\ops\V18_23A_STABLE_READ_FIRST.txt,YES,0,OK_TEXT,OK_V18_23A_STABLE_SNAPSHOT_READY,DISCOVERED_READ_FIRST
discovered_read_first,D:\us-tech-quant\outputs\v18\ops\V18_23B_R1_READ_FIRST.txt,YES,0,OK_TEXT,WARN_V18_23B_R1_ROLLING_COVERAGE_WATCHDOG_READY,DISCOVERED_READ_FIRST
discovered_read_first,D:\us-tech-quant\outputs\v18\ops\V18_23B_R2_READ_FIRST.txt,YES,0,OK_TEXT,WARN_V18_23B_R2_WATCHDOG_FORCE_ELIGIBILITY_READY,DISCOVERED_READ_FIRST
discovered_read_first,D:\us-tech-quant\outputs\v18\ops\V18_23B_R3_READ_FIRST.txt,YES,0,OK_TEXT,OK_V18_23B_R3_LOCAL_SCAN_SKIP_DIAGNOSTICS_READY,DISCOVERED_READ_FIRST
discovered_read_first,D:\us-tech-quant\outputs\v18\ops\V18_23B_READ_FIRST.txt,YES,0,OK_TEXT,WARN_V18_23B_ROLLING_SCAN_EXECUTOR_READY,DISCOVERED_READ_FIRST
discovered_read_first,D:\us-tech-quant\outputs\v18\ops\V18_23C_R1_READ_FIRST.txt,YES,0,OK_TEXT,WARN_V18_23C_R1_STAGED_BACKFILL_QUALITY_AUDIT_REVIEW_NEEDED,DISCOVERED_READ_FIRST
discovered_read_first,D:\us-tech-quant\outputs\v18\ops\V18_23C_R2_READ_FIRST.txt,YES,0,OK_TEXT,OK_V18_23C_R2_OFFICIAL_FULL_HISTORY_INTEGRATION_READY,DISCOVERED_READ_FIRST
discovered_read_first,D:\us-tech-quant\outputs\v18\ops\V18_23C_R3_READ_FIRST.txt,YES,0,OK_TEXT,WARN_V18_23C_R3_OFFICIAL_CACHE_LEDGER_RETEST_READY,DISCOVERED_READ_FIRST
discovered_read_first,D:\us-tech-quant\outputs\v18\ops\V18_23C_R4_READ_FIRST.txt,YES,0,OK_TEXT,WARN_V18_23C_R4_CONTROLLED_STAGED_BACKFILL_BATCH2_READY,DISCOVERED_READ_FIRST
discovered_read_first,D:\us-tech-quant\outputs\v18\ops\V18_23C_R5_READ_FIRST.txt,YES,0,OK_TEXT,WARN_V18_23C_R5_BATCH2_STAGED_BACKFILL_QUALITY_AUDIT_REVIEW_NEEDED,DISCOVERED_READ_FIRST
discovered_read_first,D:\us-tech-quant\outputs\v18\ops\V18_23C_R6_READ_FIRST.txt,YES,0,OK_TEXT,OK_V18_23C_R6_OFFICIAL_BATCH2_FULL_HISTORY_INTEGRATION_READY,DISCOVERED_READ_FIRST
discovered_read_first,D:\us-tech-quant\outputs\v18\ops\V18_23C_R7_READ_FIRST.txt,YES,0,OK_TEXT,OK_V18_23C_R7_BATCH2_ROLLING_LEDGER_RETEST_READY,DISCOVERED_READ_FIRST
discovered_read_first,D:\us-tech-quant\outputs\v18\ops\V18_23C_READ_FIRST.txt,YES,0,OK_TEXT,WARN_V18_23C_CONTROLLED_STAGED_BACKFILL_READY,DISCOVERED_READ_FIRST
discovered_read_first,D:\us-tech-quant\outputs\v18\ops\V18_24A_READ_FIRST.txt,YES,0,OK_TEXT,WARN_V18_24A_DYNAMIC_SCORE_TIER_MIGRATION_LIMITED_SOURCE,DISCOVERED_READ_FIRST
discovered_read_first,D:\us-tech-quant\outputs\v18\ops\V18_24B_READ_FIRST.txt,YES,0,OK_TEXT,OK_V18_24B_TIER_MIGRATION_OPERATOR_HOMEPAGE_READY,DISCOVERED_READ_FIRST
discovered_read_first,D:\us-tech-quant\outputs\v18\ops\V18_25A_R10_READ_FIRST.txt,YES,0,OK_TEXT,OK_V18_25A_R10_OFFICIAL_MARKET_PROXY_INTEGRATION_READY,DISCOVERED_READ_FIRST
discovered_read_first,D:\us-tech-quant\outputs\v18\ops\V18_25A_R11_READ_FIRST.txt,YES,0,OK_TEXT,OK_V18_25A_R11_FULL_COMPATIBLE_TECHNICAL_TIMING_REFRESH_READY,DISCOVERED_READ_FIRST
discovered_read_first,D:\us-tech-quant\outputs\v18\ops\V18_25A_R12_READ_FIRST.txt,YES,0,OK_TEXT,OK_V18_25A_R12_TECHNICAL_TIMING_CURRENT_MERGE_READY,DISCOVERED_READ_FIRST
discovered_read_first,D:\us-tech-quant\outputs\v18\ops\V18_25A_R13_READ_FIRST.txt,YES,0,OK_TEXT,OK_V18_25A_R13_TARGETED_FACTOR_PACK_REFRESH_STAGED_READY,DISCOVERED_READ_FIRST
discovered_read_first,D:\us-tech-quant\outputs\v18\ops\V18_25A_R14_READ_FIRST.txt,YES,0,OK_TEXT,OK_V18_25A_R14_FACTOR_PACK_CURRENT_MERGE_READY,DISCOVERED_READ_FIRST
discovered_read_first,D:\us-tech-quant\outputs\v18\ops\V18_25A_R15_READ_FIRST.txt,YES,0,OK_TEXT,OK_V18_25A_R15_POST_PROMOTION_VALIDATION_READY,DISCOVERED_READ_FIRST
discovered_read_first,D:\us-tech-quant\outputs\v18\ops\V18_25A_R16_READ_FIRST.txt,YES,0,OK_TEXT,OK_V18_25A_R16_BATCH3_CANDIDATE_SELECTION_PLAN_READY,DISCOVERED_READ_FIRST
discovered_read_first,D:\us-tech-quant\outputs\v18\ops\V18_25A_R17_READ_FIRST.txt,YES,0,OK_TEXT,WARN_V18_25A_R17_BATCH3_STAGED_BACKFILL_READY,DISCOVERED_READ_FIRST
discovered_read_first,D:\us-tech-quant\outputs\v18\ops\V18_25A_R18_READ_FIRST.txt,YES,0,OK_TEXT,OK_V18_25A_R18_BATCH3_STAGED_QUALITY_GATE_READY,DISCOVERED_READ_FIRST
discovered_read_first,D:\us-tech-quant\outputs\v18\ops\V18_25A_R19_READ_FIRST.txt,YES,0,OK_TEXT,OK_V18_25A_R19_OFFICIAL_BATCH3_FULL_HISTORY_INTEGRATION_READY,DISCOVERED_READ_FIRST
discovered_read_first,D:\us-tech-quant\outputs\v18\ops\V18_25A_R1_READ_FIRST.txt,YES,0,OK_TEXT,OK_V18_25A_R1_DEGRADED_DAILY_OUTPUT_REVIEW_READY,DISCOVERED_READ_FIRST
discovered_read_first,D:\us-tech-quant\outputs\v18\ops\V18_25A_R20_READ_FIRST.txt,YES,0,OK_TEXT,OK_V18_25A_R20_BATCH3_ROLLING_LEDGER_UPDATE_READY,DISCOVERED_READ_FIRST
discovered_read_first,D:\us-tech-quant\outputs\v18\ops\V18_25A_R21_READ_FIRST.txt,YES,0,OK_TEXT,WARN_V18_25A_R21_SAME_DAY_FREEZE_REPLACED,DISCOVERED_READ_FIRST
discovered_read_first,D:\us-tech-quant\outputs\v18\ops\V18_25A_R22_READ_FIRST.txt,YES,0,OK_TEXT,OK_V18_25A_R22_ROLLING_MULTI_RUN_CONTINUATION_PLAN_READY,DISCOVERED_READ_FIRST
discovered_read_first,D:\us-tech-quant\outputs\v18\ops\V18_25A_R22B_READ_FIRST.txt,YES,0,OK_TEXT,OK_V18_25A_R22B_ROLLING_REFRESH_PLAN_EXECUTED_LEDGER_UPDATED,DISCOVERED_READ_FIRST
discovered_read_first,D:\us-tech-quant\outputs\v18\ops\V18_25A_R23_READ_FIRST.txt,YES,0,OK_TEXT,OK_V18_25A_R23_MISSING_CACHE_BACKFILL_PLAN_READY,DISCOVERED_READ_FIRST
discovered_read_first,D:\us-tech-quant\outputs\v18\ops\V18_25A_R23B_READ_FIRST.txt,YES,0,OK_TEXT,WARN_V18_25A_R23B_PARTIAL_FETCH_FAILURE,DISCOVERED_READ_FIRST
discovered_read_first,D:\us-tech-quant\outputs\v18\ops\V18_25A_R23C_READ_FIRST.txt,YES,0,OK_TEXT,WARN_V18_25A_R23C_ZERO_FULL_HISTORY_CANDIDATES,DISCOVERED_READ_FIRST
discovered_read_first,D:\us-tech-quant\outputs\v18\ops\V18_25A_R23D_READ_FIRST.txt,YES,0,OK_TEXT,OK_V18_25A_R23D_OFFICIAL_PRICE_CACHE_INTEGRATION_READY,DISCOVERED_READ_FIRST
discovered_read_first,D:\us-tech-quant\outputs\v18\ops\V18_25A_R23E_READ_FIRST.txt,YES,0,OK_TEXT,OK_V18_25A_R23E_ROLLING_LEDGER_UPDATED_AFTER_PRICE_INTEGRATION,DISCOVERED_READ_FIRST
discovered_read_first,D:\us-tech-quant\outputs\v18\ops\V18_25A_R24_READ_FIRST.txt,YES,0,OK_TEXT,OK_V18_25A_R24_REFRESH_READINESS_AUDIT_READY,DISCOVERED_READ_FIRST
discovered_read_first,D:\us-tech-quant\outputs\v18\ops\V18_25A_R25_READ_FIRST.txt,YES,0,OK_TEXT,WARN_V18_25A_R25_SOURCE_SCRIPT_REVIEW_NEEDED,DISCOVERED_READ_FIRST
discovered_read_first,D:\us-tech-quant\outputs\v18\ops\V18_25A_R25A_READ_FIRST.txt,YES,0,OK_TEXT,WARN_V18_25A_R25A_BROKEN_SCRIPT_UNPATCHED_BUT_EXCLUDED,DISCOVERED_READ_FIRST
discovered_read_first,D:\us-tech-quant\outputs\v18\ops\V18_25A_R25B_READ_FIRST.txt,YES,0,OK_TEXT,OK_V18_25A_R25B_STAGED_FACTOR_TECHNICAL_ROWS_READY,DISCOVERED_READ_FIRST
discovered_read_first,D:\us-tech-quant\outputs\v18\ops\V18_25A_R25C_READ_FIRST.txt,YES,0,OK_TEXT,OK_V18_25A_R25C_STAGED_VALIDATION_MERGE_PLAN_READY,DISCOVERED_READ_FIRST
discovered_read_first,D:\us-tech-quant\outputs\v18\ops\V18_25A_R25D_READ_FIRST.txt,YES,0,OK_TEXT,OK_V18_25A_R25D_OFFICIAL_FACTOR_TECHNICAL_MERGE_READY,DISCOVERED_READ_FIRST
discovered_read_first,D:\us-tech-quant\outputs\v18\ops\V18_25A_R25E_READ_FIRST.txt,YES,0,OK_TEXT,OK_V18_25A_R25E_POST_MERGE_VALIDATION_READY,DISCOVERED_READ_FIRST
discovered_read_first,D:\us-tech-quant\outputs\v18\ops\V18_25A_R25F_READ_FIRST.txt,YES,0,OK_TEXT,WARN_V18_25A_R25F_CLASSIFICATION_APPROXIMATION_USED,DISCOVERED_READ_FIRST
discovered_read_first,D:\us-tech-quant\outputs\v18\ops\V18_25A_R25G_READ_FIRST.txt,YES,0,OK_TEXT,OK_V18_25A_R25G_RANKED_CANDIDATES_PROMOTED_TO_CURRENT,DISCOVERED_READ_FIRST
discovered_read_first,D:\us-tech-quant\outputs\v18\ops\V18_25A_R26A_R1_READ_FIRST.txt,YES,0,OK_TEXT,WARN_V18_25A_R26A_FORWARD_RETURN_NOT_YET_FILLABLE,DISCOVERED_READ_FIRST
discovered_read_first,D:\us-tech-quant\outputs\v18\ops\V18_25A_R26A_READ_FIRST.txt,YES,0,OK_TEXT,WARN_V18_25A_R26A_FORWARD_RETURN_NOT_YET_FILLABLE,DISCOVERED_READ_FIRST
discovered_read_first,D:\us-tech-quant\outputs\v18\ops\V18_25A_R26B_READ_FIRST.txt,YES,0,OK_TEXT,OK_V18_25A_R26B_FORWARD_RETURN_FILLER_READINESS_READY,DISCOVERED_READ_FIRST
discovered_read_first,D:\us-tech-quant\outputs\v18\ops\V18_25A_R27A_READ_FIRST.txt,YES,0,OK_TEXT,OK_V18_25A_R27A_PARTIAL_HISTORY_MATURITY_RECHECK_READY,DISCOVERED_READ_FIRST
discovered_read_first,D:\us-tech-quant\outputs\v18\ops\V18_25A_R27B_READ_FIRST.txt,YES,0,OK_TEXT,OK_V18_25A_R27B_MATURE_PARTIAL_POLICY_REVIEW_READY,DISCOVERED_READ_FIRST
discovered_read_first,D:\us-tech-quant\outputs\v18\ops\V18_25A_R27C_READ_FIRST.txt,YES,0,OK_TEXT,OK_V18_25A_R27C_CONTROLLED_PARTIAL_MATURE_INTEGRATION_DRYRUN_READY,DISCOVERED_READ_FIRST
discovered_read_first,D:\us-tech-quant\outputs\v18\ops\V18_25A_R27D_READ_FIRST.txt,YES,0,OK_TEXT,OK_V18_25A_R27D_PARTIAL_MATURE_PRICE_CACHE_LEDGER_INTEGRATION_READY,DISCOVERED_READ_FIRST
discovered_read_first,D:\us-tech-quant\outputs\v18\ops\V18_25A_R27E_READ_FIRST.txt,YES,0,OK_TEXT,OK_V18_25A_R27E_POST_INTEGRATION_DOWNSTREAM_READINESS_READY,DISCOVERED_READ_FIRST
discovered_read_first,D:\us-tech-quant\outputs\v18\ops\V18_25A_R27F_READ_FIRST.txt,YES,0,OK_TEXT,OK_V18_25A_R27F_STAGED_FACTOR_TECHNICAL_ROWS_READY,DISCOVERED_READ_FIRST
discovered_read_first,D:\us-tech-quant\outputs\v18\ops\V18_25A_R27G_READ_FIRST.txt,YES,0,OK_TEXT,OK_V18_25A_R27G_STAGED_VALIDATION_MERGE_PLAN_READY,DISCOVERED_READ_FIRST
discovered_read_first,D:\us-tech-quant\outputs\v18\ops\V18_25A_R27H_READ_FIRST.txt,YES,0,OK_TEXT,OK_V18_25A_R27H_OFFICIAL_FACTOR_TECHNICAL_MERGE_READY,DISCOVERED_READ_FIRST
discovered_read_first,D:\us-tech-quant\outputs\v18\ops\V18_25A_R27I_READ_FIRST.txt,YES,0,OK_TEXT,OK_V18_25A_R27I_CANDIDATE_READINESS_AUDIT_READY,DISCOVERED_READ_FIRST
discovered_read_first,D:\us-tech-quant\outputs\v18\ops\V18_25A_R27J_READ_FIRST.txt,YES,0,OK_TEXT,OK_V18_25A_R27J_RANKED_CANDIDATES_PREVIEW_READY,DISCOVERED_READ_FIRST
discovered_read_first,D:\us-tech-quant\outputs\v18\ops\V18_25A_R27K_READ_FIRST.txt,YES,0,OK_TEXT,OK_V18_25A_R27K_RANKED_CANDIDATES_PROMOTION_READY,DISCOVERED_READ_FIRST
discovered_read_first,D:\us-tech-quant\outputs\v18\ops\V18_25A_R27L_READ_FIRST.txt,YES,0,OK_TEXT,OK_V18_25A_R27L_POST_PROMOTION_VALIDATION_SIGNAL_FREEZE_READY,DISCOVERED_READ_FIRST
discovered_read_first,D:\us-tech-quant\outputs\v18\ops\V18_25A_R2_READ_FIRST.txt,YES,0,OK_TEXT,OK_V18_25A_R2_TIER_MIGRATION_SOURCE_ALIAS_REPAIR_READY,DISCOVERED_READ_FIRST
discovered_read_first,D:\us-tech-quant\outputs\v18\ops\V18_25A_R3_READ_FIRST.txt,YES,0,OK_TEXT,OK_V18_25A_R3_POST_INTEGRATION_PROMOTION_BLOCKER_AUDIT_READY,DISCOVERED_READ_FIRST
discovered_read_first,D:\us-tech-quant\outputs\v18\ops\V18_25A_R4_READ_FIRST.txt,YES,0,OK_TEXT,OK_V18_25A_R4_FACTOR_TECHNICAL_REFRESH_READINESS_AUDIT_READY,DISCOVERED_READ_FIRST
discovered_read_first,D:\us-tech-quant\outputs\v18\ops\V18_25A_R5_READ_FIRST.txt,YES,0,OK_TEXT,WARN_V18_25A_R5_TARGETED_TECHNICAL_TIMING_REFRESH_DRYRUN_READY,DISCOVERED_READ_FIRST
discovered_read_first,D:\us-tech-quant\outputs\v18\ops\V18_25A_R6_READ_FIRST.txt,YES,0,OK_TEXT,WARN_V18_25A_R6_MARKET_PROXY_SOURCE_TRACE_POLICY_AUDIT_READY,DISCOVERED_READ_FIRST
discovered_read_first,D:\us-tech-quant\outputs\v18\ops\V18_25A_R7_READ_FIRST.txt,YES,0,OK_TEXT,WARN_V18_25A_R7_LOCAL_MARKET_PROXY_COVERAGE_REPAIR_AUDIT_READY,DISCOVERED_READ_FIRST
discovered_read_first,D:\us-tech-quant\outputs\v18\ops\V18_25A_R8_READ_FIRST.txt,YES,0,OK_TEXT,OK_V18_25A_R8_CONTROLLED_STAGED_VIX_BACKFILL_READY,DISCOVERED_READ_FIRST
discovered_read_first,D:\us-tech-quant\outputs\v18\ops\V18_25A_R9_READ_FIRST.txt,YES,0,OK_TEXT,OK_V18_25A_R9_STAGED_VIX_QUALITY_PROMOTION_GATE_READY,DISCOVERED_READ_FIRST
discovered_read_first,D:\us-tech-quant\outputs\v18\ops\V18_28A_R1_READ_FIRST.txt,YES,0,OK_TEXT,WARN_V18_28A_R1_THEME_MAP_BOOTSTRAP_REVIEW_NEEDED,DISCOVERED_READ_FIRST
discovered_read_first,D:\us-tech-quant\outputs\v18\ops\V18_28A_R2_READ_FIRST.txt,YES,0,OK_TEXT,OK_V18_28A_R2_REMAINING_UNKNOWN_THEME_PATCH_READY,DISCOVERED_READ_FIRST
discovered_read_first,D:\us-tech-quant\outputs\v18\ops\V18_28A_READ_FIRST.txt,YES,0,OK_TEXT,OK_V18_28A_THEME_CLASSIFICATION_READY,DISCOVERED_READ_FIRST
discovered_read_first,D:\us-tech-quant\outputs\v18\ops\V18_28B_READ_FIRST.txt,YES,0,OK_TEXT,OK_V18_28B_RECOMMENDATION_TIERS_READY,DISCOVERED_READ_FIRST
discovered_read_first,D:\us-tech-quant\outputs\v18\ops\V18_28C_READ_FIRST.txt,YES,0,OK_TEXT,WARN_V18_28C_RECOMMENDATION_TIER_CALIBRATION_REVIEW_NEEDED,DISCOVERED_READ_FIRST
discovered_read_first,D:\us-tech-quant\outputs\v18\ops\V18_28D_READ_FIRST.txt,YES,0,OK_TEXT,WARN_V18_28D_RECOMMENDATION_TIER_RULE_CALIBRATION_REVIEW_NEEDED,DISCOVERED_READ_FIRST
discovered_read_first,D:\us-tech-quant\outputs\v18\ops\V18_29A_READ_FIRST.txt,YES,0,OK_TEXT,WARN_V18_29A_BACKTEST_READINESS_REVIEW_NEEDED,DISCOVERED_READ_FIRST
discovered_read_first,D:\us-tech-quant\outputs\v18\ops\V18_29B_READ_FIRST.txt,YES,0,OK_TEXT,WARN_V18_29B_LIMITED_SIGNAL_FREEZE_BACKTEST_REVIEW_NEEDED,DISCOVERED_READ_FIRST
discovered_read_first,D:\us-tech-quant\outputs\v18\ops\V18_29C_READ_FIRST.txt,YES,0,OK_TEXT,OK_V18_29C_DAILY_RECOMMENDATION_TIER_SNAPSHOT_READY,DISCOVERED_READ_FIRST
discovered_read_first,D:\us-tech-quant\outputs\v18\ops\V18_30A_READ_FIRST.txt,YES,0,OK_TEXT,WARN_V18_30A_DAILY_OPERATOR_CONTROL_CENTER_REVIEW_NEEDED,DISCOVERED_READ_FIRST
discovered_read_first,D:\us-tech-quant\outputs\v18\ops\V18_30B_READ_FIRST.txt,YES,0,OK_TEXT,WARN_V18_30B_DAILY_COMMAND_COMPATIBILITY_GUARD_REVIEW_NEEDED,DISCOVERED_READ_FIRST
discovered_read_first,D:\us-tech-quant\outputs\v18\ops\V18_30C_READ_FIRST.txt,YES,0,OK_TEXT,WARN_V18_30C_OPERATOR_CONTROL_CENTER_LATEST_FREEZE_PATCH_REVIEW_NEEDED,DISCOVERED_READ_FIRST
discovered_read_first,D:\us-tech-quant\outputs\v18\ops\V18_30D_READ_FIRST.txt,YES,0,OK_TEXT,OK_V18_30D_SAME_DAY_SIGNAL_FREEZE_REPLACE_POLICY_READY,DISCOVERED_READ_FIRST
discovered_read_first,D:\us-tech-quant\outputs\v18\ops\V18_30E_READ_FIRST.txt,YES,0,OK_TEXT,FAIL_V18_30E_SAFE_DAILY_OPERATOR_SEQUENCE_FAILED,DISCOVERED_READ_FIRST
discovered_read_first,D:\us-tech-quant\outputs\v18\ops\V18_31A_READ_FIRST.txt,YES,0,OK_TEXT,WARN_V18_31A_STATIC_BUYABILITY_GATE_REVIEW_NEEDED,DISCOVERED_READ_FIRST
discovered_read_first,D:\us-tech-quant\outputs\v18\ops\V18_31B_READ_FIRST.txt,YES,0,OK_TEXT,WARN_V18_31B_MANUAL_POSITION_SIZING_POLICY_REVIEW_NEEDED,DISCOVERED_READ_FIRST
discovered_read_first,D:\us-tech-quant\outputs\v18\ops\V18_31C_R1_READ_FIRST.txt,YES,0,OK_TEXT,FAIL_V18_31C_MOOMOO_COST_SLIPPAGE_CONSTRAINT_FAILED,DISCOVERED_READ_FIRST
discovered_read_first,D:\us-tech-quant\outputs\v18\ops\V18_31C_READ_FIRST.txt,YES,0,OK_TEXT,FAIL_V18_31C_MOOMOO_COST_SLIPPAGE_CONSTRAINT_FAILED,DISCOVERED_READ_FIRST
discovered_read_first,D:\us-tech-quant\outputs\v18\ops\V18_31D_READ_FIRST.txt,YES,0,OK_TEXT,FAIL_V18_31D_ACCOUNT_AWARE_MANUAL_TRADE_PLAN_FAILED,DISCOVERED_READ_FIRST
discovered_read_first,D:\us-tech-quant\outputs\v18\ops\V18_31E_READ_FIRST.txt,YES,0,OK_TEXT,FAIL_V18_31E_DAILY_TRADE_PLAN_SNAPSHOT_FAILED,DISCOVERED_READ_FIRST
discovered_read_first,D:\us-tech-quant\outputs\v18\ops\V18_31F_R1_READ_FIRST.txt,YES,0,OK_TEXT,WARN_V18_31F_R1_NON_TRADING_DAY_REUSE_LATEST_READY,DISCOVERED_READ_FIRST
discovered_read_first,D:\us-tech-quant\outputs\v18\ops\V18_31F_READ_FIRST.txt,YES,0,OK_TEXT,WARN_V18_31F_R1_NON_TRADING_DAY_REUSE_LATEST_READY,DISCOVERED_READ_FIRST
discovered_read_first,D:\us-tech-quant\outputs\v18\ops\V18_31G_R1_READ_FIRST.txt,YES,0,OK_TEXT,OK_V18_31G_R1_UNSUPPORTED_SIGNAL_DATE_LEDGER_CLEAN,DISCOVERED_READ_FIRST
discovered_read_first,D:\us-tech-quant\outputs\v18\ops\V18_31G_READ_FIRST.txt,YES,0,OK_TEXT,WARN_V18_31G_TRADING_DAY_SIGNAL_DATE_BLOCKED_REUSE_LATEST,DISCOVERED_READ_FIRST
discovered_read_first,D:\us-tech-quant\outputs\v18\ops\V18_32A_READ_FIRST.txt,YES,0,OK_TEXT,WARN_V18_32A_MANUAL_ACCOUNT_STATE_TEMPLATE_REVIEW_NEEDED,DISCOVERED_READ_FIRST
discovered_read_first,D:\us-tech-quant\outputs\v18\ops\V18_32B_READ_FIRST.txt,YES,0,OK_TEXT,OK_V18_32B_CODEX_CONTEXT_COMPRESSION_READY,DISCOVERED_READ_FIRST
discovered_read_first,D:\us-tech-quant\outputs\v18\ops\V18_32C_READ_FIRST.txt,YES,0,OK_TEXT,OK_V18_32C_CONTEXT_CONSISTENCY_AUDIT_READY,DISCOVERED_READ_FIRST
discovered_read_first,D:\us-tech-quant\outputs\v18\ops\V18_32D_READ_FIRST.txt,YES,0,OK_TEXT,OK_V18_32D_FREEZE_REPAIR_READY,DISCOVERED_READ_FIRST
discovered_read_first,D:\us-tech-quant\outputs\v18\ops\V18_33A_READ_FIRST.txt,YES,0,OK_TEXT,OK_V18_33A_CHINESE_DAILY_HOMEPAGE_READY,DISCOVERED_READ_FIRST
discovered_read_first,D:\us-tech-quant\outputs\v18\ops\V18_33B_READ_FIRST.txt,YES,0,OK_TEXT,WARN_V18_33B_DAILY_OPERATOR_RUNBOOK_REVIEW_NEEDED,DISCOVERED_READ_FIRST
discovered_read_first,D:\us-tech-quant\outputs\v18\ops\V18_34A_READ_FIRST.txt,YES,0,OK_TEXT,OK_V18_34A_STORAGE_INVENTORY_READY,DISCOVERED_READ_FIRST
discovered_read_first,D:\us-tech-quant\outputs\v18\ops\V18_34B_READ_FIRST.txt,YES,0,OK_TEXT,WARN_V18_34B_DAILY_OUTPUT_FRESHNESS_REVIEW_NEEDED,DISCOVERED_READ_FIRST
discovered_read_first,D:\us-tech-quant\outputs\v18\ops\V18_34C_READ_FIRST.txt,YES,0,OK_TEXT,WARN_V18_34C_TRADE_READINESS_REFRESH_REVIEW_NEEDED,DISCOVERED_READ_FIRST
discovered_read_first,D:\us-tech-quant\outputs\v18\ops\V18_35A_READ_FIRST.txt,YES,0,OK_TEXT,OK_V18_35A_UNIVERSE_TO_CANDIDATE_AUDIT_READY,DISCOVERED_READ_FIRST
discovered_read_first,D:\us-tech-quant\outputs\v18\ops\V18_35B_READ_FIRST.txt,YES,0,OK_TEXT,WARN_V18_35B_CANDIDATE_SOURCE_NORMALIZATION_REVIEW_NEEDED,DISCOVERED_READ_FIRST
discovered_read_first,D:\us-tech-quant\outputs\v18\ops\V18_35C_READ_FIRST.txt,YES,0,OK_TEXT,WARN_V18_35C_CANDIDATE_SOURCE_DEPENDENCY_REVIEW_NEEDED,DISCOVERED_READ_FIRST
discovered_read_first,D:\us-tech-quant\outputs\v18\ops\V18_35D_READ_FIRST.txt,YES,0,OK_TEXT,FAIL_V18_35D_FULL_UNIVERSE_RECOMPUTE_FAILED,DISCOVERED_READ_FIRST
discovered_read_first,D:\us-tech-quant\outputs\v18\ops\V18_35E_READ_FIRST.txt,YES,0,OK_TEXT,WARN_V18_35E_ONLINE_BACKFILL_CANDIDATE_BRIDGE_REVIEW_NEEDED,DISCOVERED_READ_FIRST
discovered_read_first,D:\us-tech-quant\outputs\v18\ops\V18_35F_READ_FIRST.txt,YES,0,OK_TEXT,OK_V18_35F_NEXT_SIGNAL_FREEZE_EXPANSION_READY,DISCOVERED_READ_FIRST
discovered_read_first,D:\us-tech-quant\outputs\v18\ops\V18_35G_READ_FIRST.txt,YES,0,OK_TEXT,OK_V18_35G_UNIVERSE_INVALID_TICKER_PRUNE_READY,DISCOVERED_READ_FIRST
discovered_read_first,D:\us-tech-quant\outputs\v18\ops\V18_35H_READ_FIRST.txt,YES,0,OK_TEXT,OK_V18_35H_STABLE_SNAPSHOT_318_ALIGNED_READY,DISCOVERED_READ_FIRST
discovered_read_first,D:\us-tech-quant\outputs\v18\ops\V18_36A_READ_FIRST.txt,YES,0,OK_TEXT,WARN_V18_36A_PAPER_TRADING_FORWARD_ATTRIBUTION_REVIEW_NEEDED,DISCOVERED_READ_FIRST
discovered_read_first,D:\us-tech-quant\outputs\v18\ops\V18_36B_READ_FIRST.txt,YES,0,OK_TEXT,WARN_V18_36B_PAPER_FORWARD_RETURN_FILLER_REVIEW_NEEDED,DISCOVERED_READ_FIRST
discovered_read_first,D:\us-tech-quant\outputs\v18\ops\V18_36C_R1_READ_FIRST.txt,YES,0,OK_TEXT,OK_V18_36C_R1_STRICT_FACTOR_IMPLEMENTATION_AUDIT_READY,DISCOVERED_READ_FIRST
discovered_read_first,D:\us-tech-quant\outputs\v18\ops\V18_36C_READ_FIRST.txt,YES,0,OK_TEXT,OK_V18_36C_FACTOR_IMPLEMENTATION_AUDIT_READY,DISCOVERED_READ_FIRST
discovered_read_first,D:\us-tech-quant\outputs\v18\ops\V18_37A_READ_FIRST.txt,YES,0,OK_TEXT,OK,DISCOVERED_READ_FIRST
discovered_read_first,D:\us-tech-quant\outputs\v18\ops\V18_37B_READ_FIRST.txt,YES,0,OK_TEXT,OK,DISCOVERED_READ_FIRST
discovered_read_first,D:\us-tech-quant\outputs\v18\ops\V18_37C_READ_FIRST.txt,YES,0,OK_TEXT,OK,DISCOVERED_READ_FIRST
discovered_read_first,D:\us-tech-quant\outputs\v18\ops\V18_37D_READ_FIRST.txt,YES,0,OK_TEXT,OK,DISCOVERED_READ_FIRST
discovered_read_first,D:\us-tech-quant\outputs\v18\ops\V18_38A_READ_FIRST.txt,YES,0,OK_TEXT,OK_V18_38A_FORWARD_EVIDENCE_DASHBOARD_READY,DISCOVERED_READ_FIRST
discovered_read_first,D:\us-tech-quant\outputs\v18\ops\V18_38B_READ_FIRST.txt,YES,0,OK_TEXT,OK_V18_38B_RESEARCH_EXPERIMENT_REGISTRY_READY,DISCOVERED_READ_FIRST
discovered_read_first,D:\us-tech-quant\outputs\v18\ops\V18_38C_R1_READ_FIRST.txt,YES,0,OK_TEXT,WARN_V18_38C_R1_COMMAND_STATUS_NORMALIZATION_REVIEW_NEEDED,DISCOVERED_READ_FIRST
discovered_read_first,D:\us-tech-quant\outputs\v18\ops\V18_38C_READ_FIRST.txt,YES,0,OK_TEXT,WARN_V18_38C_R1_COMMAND_STATUS_NORMALIZATION_REVIEW_NEEDED,DISCOVERED_READ_FIRST
discovered_read_first,D:\us-tech-quant\outputs\v18\ops\V18_38D_READ_FIRST.txt,YES,0,OK_TEXT,WARN_V18_38D_STABLE_SNAPSHOT_RESEARCH_TRACKING_BASELINE_REVIEW_NEEDED,DISCOVERED_READ_FIRST
discovered_read_first,D:\us-tech-quant\outputs\v18\ops\V18_39A_READ_FIRST.txt,YES,0,OK_TEXT,OK_V18_39A_ALPHA_SIGNAL_OBJECT_LAYER_READY,DISCOVERED_READ_FIRST
discovered_read_first,D:\us-tech-quant\outputs\v18\ops\V18_39B_READ_FIRST.txt,YES,0,OK_TEXT,OK_V18_39B_PORTFOLIO_TARGET_PREVIEW_READY,DISCOVERED_READ_FIRST
discovered_read_first,D:\us-tech-quant\outputs\v18\ops\V18_39C_READ_FIRST.txt,YES,0,OK_TEXT,WARN_V18_39C_SHADOW_RISK_MODEL_PREVIEW_REVIEW_NEEDED,DISCOVERED_READ_FIRST
discovered_read_first,D:\us-tech-quant\outputs\v18\ops\V18_39D_READ_FIRST.txt,YES,0,OK_TEXT,WARN_V18_39D_STABLE_SNAPSHOT_SIGNAL_PORTFOLIO_RISK_BASELINE_REVIEW_NEEDED,DISCOVERED_READ_FIRST
discovered_read_first,D:\us-tech-quant\outputs\v18\ops\V18_40A_READ_FIRST.txt,YES,0,OK_TEXT,WARN_V18_40A_CURRENT_TOP_ALIAS_WRITE_DISABLED_BY_V18_50B_R1,DISCOVERED_READ_FIRST
discovered_read_first,D:\us-tech-quant\outputs\v18\ops\V18_40B_READ_FIRST.txt,YES,0,OK_TEXT,WARN_V18_40B_CURRENT_OPERATOR_STATUS_FIXABLE_WARNINGS,DISCOVERED_READ_FIRST
discovered_read_first,D:\us-tech-quant\outputs\v18\ops\V18_40C_READ_FIRST.txt,YES,0,OK_TEXT,WARN_V18_40C_FIXABLE_CURRENT_WARNING_REDUCER_PARTIAL_REVIEW_NEEDED,DISCOVERED_READ_FIRST
discovered_read_first,D:\us-tech-quant\outputs\v18\ops\V18_40D_READ_FIRST.txt,YES,0,OK_TEXT,OK_V18_40D_RESIDUAL_ACTION_WARNING_RESOLVER_CLEAN,DISCOVERED_READ_FIRST
discovered_read_first,D:\us-tech-quant\outputs\v18\ops\V18_41A_READ_FIRST.txt,YES,0,OK_TEXT,WARN_V18_41A_DAILY_CLEAN_OPERATOR_PIPELINE_REVIEW_NEEDED,DISCOVERED_READ_FIRST
discovered_read_first,D:\us-tech-quant\outputs\v18\ops\V18_42A_READ_FIRST.txt,YES,0,OK_TEXT,WARN_V18_42A_SUPPORTING_INPUTS_PARTIAL,DISCOVERED_READ_FIRST
discovered_read_first,D:\us-tech-quant\outputs\v18\ops\V18_43A_READ_FIRST.txt,YES,0,OK_TEXT,WARN_V18_43A_SUPPORTING_INPUTS_PARTIAL,DISCOVERED_READ_FIRST
discovered_read_first,D:\us-tech-quant\outputs\v18\ops\V18_44A_READ_FIRST.txt,YES,0,OK_TEXT,WARN_V18_44A_DAILY_OPERATOR_HOMEPAGE_REVIEW_NEEDED,DISCOVERED_READ_FIRST
discovered_read_first,D:\us-tech-quant\outputs\v18\ops\V18_45A_READ_FIRST.txt,YES,0,OK_TEXT,WARN_V18_45A_OPERATOR_REFRESH_MODE_AND_FRESHNESS_GATE_PATCH_APPLIED,DISCOVERED_READ_FIRST
discovered_read_first,D:\us-tech-quant\outputs\v18\ops\V18_45B_READ_FIRST.txt,YES,0,OK_TEXT,WARN_V18_45B_FULL_REFRESH_WRAPPER_AND_TICKER_SANITIZER_PATCH_APPLIED,DISCOVERED_READ_FIRST
discovered_read_first,D:\us-tech-quant\outputs\v18\ops\V18_46A_READ_FIRST.txt,YES,0,OK_TEXT,OK_V18_46A_FULL_REFRESH_WARNING_CLEANUP_AND_FRESHNESS_ELIGIBLE_TOPN_APPLIED,DISCOVERED_READ_FIRST
discovered_read_first,D:\us-tech-quant\outputs\v18\ops\V18_46B_READ_FIRST.txt,YES,0,OK_TEXT,,DISCOVERED_READ_FIRST
discovered_read_first,D:\us-tech-quant\outputs\v18\ops\V18_47A_READ_FIRST.txt,YES,0,OK_TEXT,PASS,DISCOVERED_READ_FIRST
discovered_read_first,D:\us-tech-quant\outputs\v18\ops\V18_47B_READ_FIRST.txt,YES,0,OK_TEXT,PASS,DISCOVERED_READ_FIRST
discovered_read_first,D:\us-tech-quant\outputs\v18\ops\V18_47C_R1_READ_FIRST.txt,YES,0,OK_TEXT,WARN_V18_47C_R1_EVENT_COVERAGE_STILL_WEAK,DISCOVERED_READ_FIRST
discovered_read_first,D:\us-tech-quant\outputs\v18\ops\V18_47C_R2_READ_FIRST.txt,YES,0,OK_TEXT,WARN_V18_47C_R2A_LOW_EVENT_COVERAGE,DISCOVERED_READ_FIRST
discovered_read_first,D:\us-tech-quant\outputs\v18\ops\V18_47C_READ_FIRST.txt,YES,0,OK_TEXT,PASS,DISCOVERED_READ_FIRST
discovered_read_first,D:\us-tech-quant\outputs\v18\ops\V18_48A_READ_FIRST.txt,YES,0,OK_TEXT,PASS,DISCOVERED_READ_FIRST
discovered_read_first,D:\us-tech-quant\outputs\v18\ops\V18_48B_READ_FIRST.txt,YES,0,OK_TEXT,PASS,DISCOVERED_READ_FIRST
discovered_read_first,D:\us-tech-quant\outputs\v18\ops\V18_49A_READ_FIRST.txt,YES,0,OK_TEXT,WARN_V18_49A_MISSING_PRICE_HISTORY,DISCOVERED_READ_FIRST
discovered_read_first,D:\us-tech-quant\outputs\v18\ops\V18_49B_READ_FIRST.txt,YES,0,OK_TEXT,PASS,DISCOVERED_READ_FIRST
discovered_read_first,D:\us-tech-quant\outputs\v18\ops\V18_49C_READ_FIRST.txt,YES,0,OK_TEXT,WARN_V18_49C_SOURCE_POLICY_LOW_CONFIDENCE,DISCOVERED_READ_FIRST
discovered_read_first,D:\us-tech-quant\outputs\v18\ops\V18_49D_READ_FIRST.txt,YES,0,OK_TEXT,WARN_V18_49D_NO_USER_UPLOADS_FOUND,DISCOVERED_READ_FIRST
discovered_read_first,D:\us-tech-quant\outputs\v18\ops\V18_4C_CLOUD_EARNINGS_EVENTS_READ_FIRST.md,YES,0,OK_TEXT,,DISCOVERED_READ_FIRST
discovered_read_first,D:\us-tech-quant\outputs\v18\ops\V18_50A_READ_FIRST.txt,YES,0,OK_TEXT,PASS,DISCOVERED_READ_FIRST
discovered_read_first,D:\us-tech-quant\outputs\v18\ops\V18_50B_R1_READ_FIRST.txt,YES,0,OK_TEXT,PASS,DISCOVERED_READ_FIRST
discovered_read_first,D:\us-tech-quant\outputs\v18\ops\V18_50B_R2_READ_FIRST.txt,YES,0,OK_TEXT,PASS,DISCOVERED_READ_FIRST
discovered_read_first,D:\us-tech-quant\outputs\v18\ops\V18_50B_READ_FIRST.txt,YES,0,OK_TEXT,PASS,DISCOVERED_READ_FIRST
discovered_read_first,D:\us-tech-quant\outputs\v18\ops\V18_5A_R1_READ_FIRST.txt,YES,0,OK_TEXT,,DISCOVERED_READ_FIRST
discovered_read_first,D:\us-tech-quant\outputs\v18\ops\V18_5A_R2_READ_FIRST.txt,YES,0,OK_TEXT,,DISCOVERED_READ_FIRST
discovered_read_first,D:\us-tech-quant\outputs\v18\ops\V18_5B_R1_READ_FIRST.txt,YES,0,OK_TEXT,,DISCOVERED_READ_FIRST
discovered_read_first,D:\us-tech-quant\outputs\v18\ops\V18_5B_READ_FIRST.txt,YES,0,OK_TEXT,,DISCOVERED_READ_FIRST
discovered_read_first,D:\us-tech-quant\outputs\v18\ops\V18_5C_READ_FIRST.txt,YES,0,OK_TEXT,,DISCOVERED_READ_FIRST
discovered_read_first,D:\us-tech-quant\outputs\v18\ops\V18_5D_READ_FIRST.txt,YES,0,OK_TEXT,,DISCOVERED_READ_FIRST
discovered_read_first,D:\us-tech-quant\outputs\v18\ops\V18_7B_READ_FIRST.txt,YES,0,OK_TEXT,OK_MAIN_CHAIN_LINEAR_READY,DISCOVERED_READ_FIRST
discovered_read_first,D:\us-tech-quant\outputs\v18\ops\V18_7D_READ_FIRST.txt,YES,0,OK_TEXT,OK_OFFICIAL_DAILY_FAST_MAIN_WITH_TECHNICAL_READY,DISCOVERED_READ_FIRST
discovered_read_first,D:\us-tech-quant\outputs\v18\ops\V18_8A_READ_FIRST.txt,YES,0,OK_TEXT,OK_LEGACY_V15_V16_PURGED,DISCOVERED_READ_FIRST
discovered_read_first,D:\us-tech-quant\outputs\v18\ops\V18_8E_READ_FIRST.txt,YES,0,OK_TEXT,OK_STABLE_SNAPSHOT_READY,DISCOVERED_READ_FIRST
discovered_read_first,D:\us-tech-quant\outputs\v18\ops\V18_CLEANUP_AUDIT_READ_FIRST.txt,YES,0,OK_TEXT,OK_CLEANUP_AUDIT_READY,DISCOVERED_READ_FIRST
discovered_read_first,D:\us-tech-quant\outputs\v18\ops\V18_CLEANUP_DELETE_READ_FIRST.txt,YES,0,OK_TEXT,OK_CLEANUP_DELETE_PLAN_READY,DISCOVERED_READ_FIRST
discovered_read_first,D:\us-tech-quant\outputs\v18\ops\V18_CLEANUP_QUARANTINE_READ_FIRST.txt,YES,0,OK_TEXT,OK_CLEANUP_QUARANTINE_PLAN_READY,DISCOVERED_READ_FIRST
discovered_read_first,D:\us-tech-quant\outputs\v18\ops\V18_CURRENT_COMPRESSION_AUDIT_READ_FIRST.txt,YES,0,OK_TEXT,OK_V18_18B_COMPRESSION_APPLIED,DISCOVERED_READ_FIRST
discovered_read_first,D:\us-tech-quant\outputs\v18\ops\V18_CURRENT_DAILY_OPERATOR_HOMEPAGE_READ_FIRST.txt,YES,0,OK_TEXT,WARN_V18_44A_DAILY_OPERATOR_HOMEPAGE_REVIEW_NEEDED,DISCOVERED_READ_FIRST
discovered_read_first,D:\us-tech-quant\outputs\v18\ops\V18_CURRENT_DELETE_VERIFIED_STABLE_ORIGINALS_READ_FIRST.txt,YES,0,OK_TEXT,OK_V18_18C_DELETE_VERIFIED_STABLE_ORIGINALS_APPLIED,DISCOVERED_READ_FIRST
discovered_read_first,D:\us-tech-quant\outputs\v18\ops\V18_CURRENT_FORWARD_PRICE_FILLER_READ_FIRST.txt,YES,0,OK_TEXT,OK_V18_14D_RANKED_CANDIDATE_FORWARD_PRICE_FILLER_READY,DISCOVERED_READ_FIRST
discovered_read_first,D:\us-tech-quant\outputs\v18\ops\V18_CURRENT_FORWARD_TRACKER_READ_FIRST.txt,YES,0,OK_TEXT,OK_V18_14C_RANKED_CANDIDATE_FORWARD_TRACKER_READY,DISCOVERED_READ_FIRST
discovered_read_first,D:\us-tech-quant\outputs\v18\ops\V18_CURRENT_FULL_DAILY_MODE_VALIDATION_READ_FIRST.txt,YES,0,OK_TEXT,FAIL_V18_14A_FULL_DAILY_MODE_VALIDATION,DISCOVERED_READ_FIRST
discovered_read_first,D:\us-tech-quant\outputs\v18\ops\V18_CURRENT_LARGE_OUTPUT_CLEANUP_READ_FIRST.txt,YES,0,OK_TEXT,OK_V18_18D_LARGE_OUTPUT_ARCHIVE_AUDIT_READY,DISCOVERED_READ_FIRST
discovered_read_first,D:\us-tech-quant\outputs\v18\ops\V18_CURRENT_MANUAL_FEEDBACK_READ_FIRST.txt,YES,0,OK_TEXT,OK_V18_15A_MANUAL_POSITION_TRADE_FEEDBACK_READY,DISCOVERED_READ_FIRST
discovered_read_first,D:\us-tech-quant\outputs\v18\ops\V18_CURRENT_PREDEVELOPMENT_AUDIT_READ_FIRST.txt,YES,0,OK_TEXT,OK_V18_15C_PREDEVELOPMENT_PROGRAM_AUDIT_READY,DISCOVERED_READ_FIRST
discovered_read_first,D:\us-tech-quant\outputs\v18\ops\V18_CURRENT_PRIORITY_LIGHT_SCAN_READ_FIRST.txt,YES,0,OK_TEXT,OK_V18_16D_PRIORITY_BASED_LIGHT_SCANNER_READY,DISCOVERED_READ_FIRST
discovered_read_first,D:\us-tech-quant\outputs\v18\ops\V18_CURRENT_PROMOTION_DEMOTION_READ_FIRST.txt,YES,0,OK_TEXT,WARN_V18_16E_PROMOTION_DEMOTION_ENGINE_VALIDATION_FAILED,DISCOVERED_READ_FIRST
discovered_read_first,D:\us-tech-quant\outputs\v18\ops\V18_CURRENT_RANKED_CANDIDATE_FRESHNESS_READ_FIRST.txt,YES,0,OK_TEXT,OK_V18_45A_RANKED_CANDIDATE_FRESHNESS_READY,DISCOVERED_READ_FIRST
discovered_read_first,D:\us-tech-quant\outputs\v18\ops\V18_CURRENT_RANKING_PROVENANCE_READ_FIRST.txt,YES,0,OK_TEXT,OK_V18_17A_RANKING_FACTOR_PROVENANCE_AUDIT_READY,DISCOVERED_READ_FIRST
discovered_read_first,D:\us-tech-quant\outputs\v18\ops\V18_CURRENT_ROLLING_UNIVERSE_SCAN_READ_FIRST.txt,YES,0,OK_TEXT,WARN_V18_16F_CURRENT_DAILY_WITH_ROLLING_UNIVERSE_SCAN_VALIDATION_FAILED,DISCOVERED_READ_FIRST
discovered_read_first,D:\us-tech-quant\outputs\v18\ops\V18_CURRENT_SAME_DAY_PROMOTION_GUARD_READ_FIRST.txt,YES,0,OK_TEXT,OK_V18_16H_SAME_DAY_PROMOTION_GUARD_COVERAGE_AUDIT_READY,DISCOVERED_READ_FIRST
discovered_read_first,D:\us-tech-quant\outputs\v18\ops\V18_CURRENT_SCAN_SCOPED_DATA_UPDATE_READ_FIRST.txt,YES,0,OK_TEXT,OK_V18_16C_SCAN_SCOPED_DATA_UPDATE_READY,DISCOVERED_READ_FIRST
discovered_read_first,D:\us-tech-quant\outputs\v18\ops\V18_CURRENT_STORAGE_CLEANUP_READ_FIRST.txt,YES,0,OK_TEXT,OK_V18_18A_STORAGE_SLIMMING_AUDIT_READY,DISCOVERED_READ_FIRST
discovered_read_first,D:\us-tech-quant\outputs\v18\ops\V18_CURRENT_TECHNICAL_TIMING_DETAIL_SLIMMING_READ_FIRST.txt,YES,0,OK_TEXT,OK_V18_18F_TECHNICAL_TIMING_CURRENT_DETAIL_VERIFIED_ORIGINALS_DELETED,DISCOVERED_READ_FIRST
discovered_read_first,D:\us-tech-quant\outputs\v18\ops\V18_CURRENT_TOPN_RANKING_EXPLAINER_READ_FIRST.txt,YES,0,OK_TEXT,WARN_V18_43A_SUPPORTING_INPUTS_PARTIAL,DISCOVERED_READ_FIRST
discovered_read_first,D:\us-tech-quant\outputs\v18\ops\V18_STABLE_DIRECT_DELETE_READ_FIRST.txt,YES,0,OK_TEXT,DIRECT_DELETE_COMPLETED,DISCOVERED_READ_FIRST
discovered_read_first,D:\us-tech-quant\outputs\v18\promotion_merge\V18_4I_READ_FIRST.txt,YES,0,OK_TEXT,,DISCOVERED_READ_FIRST
discovered_read_first,D:\us-tech-quant\outputs\v18\read_center\V18_10D_READ_FIRST.txt,YES,0,OK_TEXT,OK_OFFICIAL_DAILY_WITH_FACTOR_WEIGHT_RESEARCH_READY,DISCOVERED_READ_FIRST
discovered_read_first,D:\us-tech-quant\outputs\v18\read_center\V18_12H_READ_FIRST.txt,YES,0,OK_TEXT,OK_V18_12H_SELL_TIMING_READ_CENTER_LINK_READY,DISCOVERED_READ_FIRST
discovered_read_first,D:\us-tech-quant\outputs\v18\read_center\V18_13A_READ_FIRST.txt,YES,0,OK_TEXT,OK_V18_13A_UNIFIED_DAILY_READ_CENTER_READY,DISCOVERED_READ_FIRST
discovered_read_first,D:\us-tech-quant\outputs\v18\read_center\V18_13B_READ_FIRST.txt,YES,0,OK_TEXT,OK_V18_13B_RANKED_CANDIDATE_READ_CENTER_READY,DISCOVERED_READ_FIRST
discovered_read_first,D:\us-tech-quant\outputs\v18\read_center\V18_13C_READ_FIRST.txt,YES,0,OK_TEXT,OK_V18_13C_UNIFIED_DAILY_WITH_RANKED_CANDIDATES_READY,DISCOVERED_READ_FIRST
discovered_read_first,D:\us-tech-quant\outputs\v18\read_center\V18_13D_READ_FIRST.txt,YES,0,OK_TEXT,OK_V18_13D_READ_CENTER_REFRESH_READY,DISCOVERED_READ_FIRST
discovered_read_first,D:\us-tech-quant\outputs\v18\read_center\V18_4J_READ_FIRST.txt,YES,0,OK_TEXT,,DISCOVERED_READ_FIRST
discovered_read_first,D:\us-tech-quant\outputs\v18\read_center\V18_6E_READ_FIRST.txt,YES,0,OK_TEXT,OK_FINAL_READ_CENTER_WITH_TECHNICAL_READY,DISCOVERED_READ_FIRST
discovered_read_first,D:\us-tech-quant\outputs\v18\read_center\V18_8C_READ_FIRST.txt,YES,0,OK_TEXT,OK_OFFICIAL_DAILY_FAST_WITH_SIMULATION_READY,DISCOVERED_READ_FIRST
discovered_read_first,D:\us-tech-quant\outputs\v18\read_center\V18_9C_READ_FIRST.txt,YES,0,OK_TEXT,OK_OFFICIAL_DAILY_WITH_SIM_VALIDATION_READY,DISCOVERED_READ_FIRST
discovered_read_first,D:\us-tech-quant\outputs\v18\read_center\V18_CURRENT_READ_FIRST.md,YES,0,OK_TEXT,,DISCOVERED_READ_FIRST
discovered_read_first,D:\us-tech-quant\outputs\v18\read_center\V18_CURRENT_READ_FIRST.txt,YES,0,OK_TEXT,OK_V18_13D_READ_CENTER_REFRESH_READY,DISCOVERED_READ_FIRST
discovered_read_first,D:\us-tech-quant\outputs\v18\read_center\V18_CURRENT_READ_FIRST_WITH_TECHNICAL.md,YES,0,OK_TEXT,OK_FINAL_READ_CENTER_WITH_TECHNICAL_READY,DISCOVERED_READ_FIRST
discovered_read_first,D:\us-tech-quant\outputs\v18\read_center\V18_CURRENT_SHADOW_RESEARCH_DAILY_READ_FIRST.txt,YES,0,OK_TEXT,OK_OFFICIAL_DAILY_WITH_FACTOR_WEIGHT_RESEARCH_READY,DISCOVERED_READ_FIRST
